/en/*                           /:splat                      301
/                               /latest/introduction         301
/latest                         /latest/introduction         301

/index                          /introduction                301
/loader                         /autoload                    301
/collection                     /support-collection          301
/helper                         /support-helper              301
/registry                       /support-registry            301
/version                        /support-version             301
/en/acl                         /acl                         301
/en/annotations                 /annotations                 301
/en/api/index                   /api/index                   301
/en/api/phalcon_acl             /api/phalcon_acl             301
/en/api/phalcon_annotations     /api/phalcon_annotations     301
/en/api/phalcon_application     /api/phalcon_application     301
/en/api/phalcon_assets          /api/phalcon_assets          301
/en/api/phalcon_autoload        /api/phalcon_autoload        301
/en/api/phalcon_cache           /api/phalcon_cache           301
/en/api/phalcon_cli             /api/phalcon_cli             301
/en/api/phalcon_config          /api/phalcon_config          301
/en/api/phalcon_datamapper      /api/phalcon_datamapper      301
/en/api/phalcon_db              /api/phalcon_db              301
/en/api/phalcon_di              /api/phalcon_di              301
/en/api/phalcon_dispatcher      /api/phalcon_dispatcher      301
/en/api/phalcon_domain          /api/phalcon_domain          301
/en/api/phalcon_encryption      /api/phalcon_encryption      301
/en/api/phalcon_events          /api/phalcon_events          301
/en/api/phalcon_factory         /api/phalcon_factory         301
/en/api/phalcon_filter          /api/phalcon_filter          301
/en/api/phalcon_flash           /api/phalcon_flash           301
/en/api/phalcon_forms           /api/phalcon_forms           301
/en/api/phalcon_html            /api/phalcon_html            301
/en/api/phalcon_http            /api/phalcon_http            301
/en/api/phalcon_image           /api/phalcon_image           301
/en/api/phalcon_logger          /api/phalcon_logger          301
/en/api/phalcon_messages        /api/phalcon_messages        301
/en/api/phalcon_mvc             /api/phalcon_mvc             301
/en/api/phalcon_paginator       /api/phalcon_paginator       301
/en/api/phalcon_session         /api/phalcon_session         301
/en/api/phalcon_storage         /api/phalcon_storage         301
/en/api/phalcon_support         /api/phalcon_support         301
/en/api/phalcon_tag             /api/phalcon_tag             301
/en/api/phalcon_translate       /api/phalcon_translate       301
/en/application-cli             /application-cli             301
/en/application                 /application                 301
/en/application-micro           /application-micro           301
/en/assets                      /assets                      301
/en/autoload                    /autoload                    301
/en/cache                       /cache                       301
/en/coding-standard             /coding-standard             301
/en/config                      /config                      301
/en/contributions               /contributions               301
/en/controllers                 /controllers                 301
/en/datamapper                  /datamapper                  301
/en/db-layer                    /db-layer                    301
/en/db-migrations               /db-migrations               301
/en/db-models-behaviors         /db-models-behaviors         301
/en/db-models-cache             /db-models-cache             301
/en/db-models-events            /db-models-events            301
/en/db-models                   /db-models                   301
/en/db-models-metadata          /db-models-metadata          301
/en/db-models-relationships     /db-models-relationships     301
/en/db-models-transactions      /db-models-transactions      301
/en/db-models-validation        /db-models-validation        301
/en/db-odm                      /db-odm                      301
/en/db-pagination               /db-pagination               301
/en/db-phql                     /db-phql                     301
/en/devtools                    /devtools                    301
/en/di                          /di                          301
/en/dispatcher                  /dispatcher                  301
/en/domain                      /domain                      301
/en/encryption-crypt            /encryption-crypt            301
/en/encryption-security-jwt     /encryption-security-jwt     301
/en/encryption-security         /encryption-security         301
/en/environments-devilbox       /environments-devilbox       301
/en/environments-nanobox        /environments-nanobox        301
/en/events                      /events                      301
/en/filter-filter               /filter-filter               301
/en/filter-validation           /filter-validation           301
/en/flash                       /flash                       301
/en/forms                       /forms                       301
/en/generating-backtrace        /generating-backtrace        301
/en/html-attributes             /html-attributes             301
/en/html-breadcrumbs            /html-breadcrumbs            301
/en/html-escaper                /html-escaper                301
/en/html-link                   /html-link                   301
/en/html                        /html                        301
/en/html-tagfactory             /html-tagfactory             301
/en/http-factories              /http-factories              301
/en/http-request                /http-request                301
/en/http-response               /http-response               301
/en/http-server-request         /http-server-request         301
/en/http-stream                 /http-stream                 301
/en/http-uploaded-file          /http-uploaded-file          301
/en/http-uri                    /http-uri                    301
/en/i18n                        /i18n                        301
/en/image                       /image                       301
/en/index                       /introduction                301
/en/installation                /installation                301
/en/introduction                /introduction                301
/en/logger                      /logger                      301
/en/mvc                         /mvc                         301
/en/mvc-url                     /mvc-url                     301
/en/namespaces                  /namespaces                  301
/en/new-feature-request-list    /new-feature-request-list    301
/en/new-feature-request         /new-feature-request         301
/en/new-pull-request            /new-pull-request            301
/en/performance                 /performance                 301
/en/queue                       /queue                       301
/en/reproducible-tests          /reproducible-tests          301
/en/request                     /request                     301
/en/response                    /response                    301
/en/routing                     /routing                     301
/en/session                     /session                     301
/en/sponsors                    /sponsors                    301
/en/static-analysis             /static-analysis             301
/en/storage                     /storage                     301
/en/support-collection          /support-collection          301
/en/support-debug               /support-debug               301
/en/support-helper              /support-helper              301
/en/support-registry            /support-registry            301
/en/support-version             /support-version             301
/en/tag                         /tag                         301
/en/testing-environment         /testing-environment         301
/en/translate                   /translate                   301
/en/tutorial-basic              /tutorial-basic              301
/en/tutorial-invo               /tutorial-invo               301
/en/tutorial-rest               /tutorial-rest               301
/en/tutorial-vokuro             /tutorial-vokuro             301
/en/unit-testing                /unit-testing                301
/en/upgrade                     /upgrade                     301
/en/use-case                    /use-case                    301
/en/views                       /views                       301
/en/volt                        /volt                        301
/en/webserver-setup             /webserver-setup             301
